description,price,website,search_term,scrape_timestamp,cantidad,unidad,price_numeric,WEB,brand,CLASIFICACION
Alimento Lácteo LAIVE Yopi Sabor a Fresa Botella 180g,S/ 1.99,vivanda,ALIMENTOS EN CUBITOS,2024-12-04 18:10:15.361329,180.0,g,1.99,vivanda,LAIVE,ALIMENTOS EN CUBITOS
Alimento Lácteo LAIVE Yopi Mix Bolitas de Color Vaso 100g,S/ 2.80,vivanda,ALIMENTOS EN CUBITOS,2024-12-04 18:10:15.361329,100.0,g,2.8,vivanda,LAIVE,ALIMENTOS EN CUBITOS
Alimento para Gatos RICOCAT Adulto Trocitos Marinos Pouch 85gr,S/ 3.00,vega,ALIMENTOS EN CUBITOS,2024-12-04 14:34:32.726772,85.0,g,3.0,vega,Ricocat,ALIMENTOS EN CUBITOS
Alimento para Gatos RICOCAT Adulto Trocitos Salmón Pouch 85gr,S/ 3.00,vega,ALIMENTOS EN CUBITOS,2024-12-04 14:34:32.726772,85.0,g,3.0,vega,Ricocat,ALIMENTOS EN CUBITOS
Alimento Húmedo para Perros DOG CHOW Cena de Carne Pouch 100g,S/ 3.90,vega,ALIMENTOS EN CUBITOS,2024-12-04 14:34:32.726772,100.0,g,3.9,vega,Dog Chow,ALIMENTOS EN CUBITOS
Alimento húmedo para Gatos Gatitos Pollo 85 gr,S/ 3.90,tottus,ALIMENTOS EN CUBITOS,2024-12-04 13:52:02.031614,85.0,g,3.9,tottus,CAT CHOW,ALIMENTOS EN CUBITOS
Alimento para Perro Razas Pequeñas PEDIGREE Pouch de Pollo Paquete 18un 100gr,S/ 4.20,vivanda,ALIMENTOS EN CUBITOS,2024-12-04 18:10:15.361329,18.0,un,4.2,vivanda,PEDIGREE,ALIMENTOS EN CUBITOS
Dog Chow Alimento Húmedo para Perros Adultos Cordero Doypack 100 g,S/ 4.20,metro,ALIMENTOS EN CUBITOS,2024-12-04 22:08:32.953741,100.0,g,4.2,metro,,ALIMENTOS EN CUBITOS
Alimento húmedo para gatos Classic con Pescado Blanco 85 gr,S/ 4.50,tottus,ALIMENTOS EN CUBITOS,2024-12-04 13:52:02.031614,85.0,g,4.5,tottus,FELIX,ALIMENTOS EN CUBITOS
Alimento húmedo para gatos Classic con Atún 85 gr,S/ 4.50,tottus,ALIMENTOS EN CUBITOS,2024-12-04 13:52:02.031614,85.0,g,4.5,tottus,FELIX,ALIMENTOS EN CUBITOS
Caldo en cubitos MAGGI Sabor carne Caja 75.2Gr,S/ 4.50,vivanda,ALIMENTOS EN CUBITOS,2024-12-04 18:10:15.361329,75.2,g,4.5,vivanda,MAGGI,ALIMENTOS EN CUBITOS
Alimento para Gatitos WHISKAS Pouch Pollo Bolsa 85g,S/ 4.50,vivanda,ALIMENTOS EN CUBITOS,2024-12-04 18:10:15.361329,85.0,g,4.5,vivanda,WHISKAS,ALIMENTOS EN CUBITOS
Alimento húmedo para Gatos Adultos Pescado 85 gr,S/ 4.50,tottus,ALIMENTOS EN CUBITOS,2024-12-04 13:52:02.031614,85.0,g,4.5,tottus,CAT CHOW,ALIMENTOS EN CUBITOS
Alimento para Gatos Felix Sabor Salmón 85g,S/ 4.50,metro,ALIMENTOS EN CUBITOS,2024-12-04 22:08:32.953741,85.0,g,4.5,metro,,ALIMENTOS EN CUBITOS
Alimento húmedo para Gatos Esterilizados con Pescado 85 gr,S/ 4.50,tottus,ALIMENTOS EN CUBITOS,2024-12-04 13:52:02.031614,85.0,g,4.5,tottus,CAT CHOW,ALIMENTOS EN CUBITOS
Felix Alimento Húmedo para Gatos Adultos Carne Doypack 85 g,S/ 4.50,metro,ALIMENTOS EN CUBITOS,2024-12-04 22:08:32.953741,85.0,g,4.5,metro,,ALIMENTOS EN CUBITOS
Alimento para Gato Adulto WHISKAS Pouch de Carne Paquete 85gr,S/ 4.50,vivanda,ALIMENTOS EN CUBITOS,2024-12-04 18:10:15.361329,85.0,g,4.5,vivanda,WHISKAS,ALIMENTOS EN CUBITOS
Alimento húmedo para Gatos Adultos Pollo 85 gr,S/ 4.50,tottus,ALIMENTOS EN CUBITOS,2024-12-04 13:52:02.031614,85.0,g,4.5,tottus,CAT CHOW,ALIMENTOS EN CUBITOS
Whiskas Alimento Húmedo para Gatos Adultos Sabor Atún Pouch 85g,S/ 4.60,metro,ALIMENTOS EN CUBITOS,2024-12-04 22:08:32.953741,85.0,g,4.6,metro,,ALIMENTOS EN CUBITOS
Whiskas Alimento Húmedo para Gatos Adultos Sabor Pollo Pouch 85g,S/ 4.60,metro,ALIMENTOS EN CUBITOS,2024-12-04 22:08:32.953741,85.0,g,4.6,metro,,ALIMENTOS EN CUBITOS
Alimento Húmedo para Gatos Adultos Whiskas Sabor Cordero 85g,S/ 4.60,metro,ALIMENTOS EN CUBITOS,2024-12-04 22:08:32.953741,85.0,g,4.6,metro,,ALIMENTOS EN CUBITOS
Whiskas Alimento Húmedo para Gatitos Sabor Pollo Pouch 85g,S/ 4.60,metro,ALIMENTOS EN CUBITOS,2024-12-04 22:08:32.953741,85.0,g,4.6,metro,,ALIMENTOS EN CUBITOS
BALANZÉ Curitas Caja 100un,S/ 4.90,vivanda,ALIMENTOS EN CUBITOS,2024-12-04 18:10:15.361329,100.0,un,4.9,vivanda,BALANZÉ,ALIMENTOS EN CUBITOS
Alimento Húmedo para Perros DOG CHOW Adultos Minis y Pequeños con Carne 100gr,S/ 4.90,vivanda,ALIMENTOS EN CUBITOS,2024-12-04 18:10:15.361329,100.0,g,4.9,vivanda,DOG CHOW,ALIMENTOS EN CUBITOS
Felix Alimento Húmedo para Gatos Adultos Atún Doypack 85 g,S/ 4.99,metro,ALIMENTOS EN CUBITOS,2024-12-04 22:08:32.953741,85.0,g,4.99,metro,,ALIMENTOS EN CUBITOS
Felix Alimento Húmedo para Gatos Adultos Pescado Blanco Doypack 85 g,S/ 4.99,metro,ALIMENTOS EN CUBITOS,2024-12-04 22:08:32.953741,85.0,g,4.99,metro,,ALIMENTOS EN CUBITOS
Alimento húmedo para gatos Classic con Carne 85 gr,S/ 5,tottus,ALIMENTOS EN CUBITOS,2024-12-04 13:52:02.031614,85.0,g,5.0,tottus,FELIX,ALIMENTOS EN CUBITOS
Alimento húmedo para gatos Classic con Salmón 85 gr,S/ 5,tottus,ALIMENTOS EN CUBITOS,2024-12-04 13:52:02.031614,85.0,g,5.0,tottus,FELIX,ALIMENTOS EN CUBITOS
Caldo MAGGI Cubito Sabor Gallina 100g Paquete 25un,S/ 5.50,vivanda,ALIMENTOS EN CUBITOS,2024-12-04 18:10:15.361329,100.0,g,5.5,vivanda,MAGGI,ALIMENTOS EN CUBITOS
Alimento Azucarado Bonlé 397g,S/ 5.50,metro,ALIMENTOS EN CUBITOS,2024-12-04 22:08:32.953741,397.0,g,5.5,metro,,ALIMENTOS EN CUBITOS
Alimento Azucarado NESTLÉ Toppings Lata 397g,S/ 5.50,vivanda,ALIMENTOS EN CUBITOS,2024-12-04 18:10:15.361329,397.0,g,5.5,vivanda,NESTLÉ,ALIMENTOS EN CUBITOS
Alimento Azucarado BONLÉ Lata 397g,S/ 5.50,vivanda,ALIMENTOS EN CUBITOS,2024-12-04 18:10:15.361329,397.0,g,5.5,vivanda,BONLÉ,ALIMENTOS EN CUBITOS
Caldo MAGGI Cubito Sabor Carne 100g Paquete 25un,S/ 5.50,vivanda,ALIMENTOS EN CUBITOS,2024-12-04 18:10:15.361329,100.0,g,5.5,vivanda,MAGGI,ALIMENTOS EN CUBITOS
Alimento húmedo para gatos Adulto y esterilizado supernutrientes de 85 gr,S/ 5.90,tottus,ALIMENTOS EN CUBITOS,2024-12-04 13:52:02.031614,85.0,g,5.9,tottus,PURINA ONE,ALIMENTOS EN CUBITOS
Alimento húmedo para gatos Adultos y Gatitos multiproteína de 85 gr,S/ 5.90,tottus,ALIMENTOS EN CUBITOS,2024-12-04 13:52:02.031614,85.0,g,5.9,tottus,PURINA ONE,ALIMENTOS EN CUBITOS
Alimento húmedo para gatos Paté Salmón 156 gr,S/ 5.90,tottus,ALIMENTOS EN CUBITOS,2024-12-04 13:52:02.031614,156.0,g,5.9,tottus,FELIX,ALIMENTOS EN CUBITOS
Alimento Húmedo Fancyfeast Petit Filet Salmon 85g,S/ 5.90,metro,ALIMENTOS EN CUBITOS,2024-12-04 22:08:32.953741,85.0,g,5.9,metro,,ALIMENTOS EN CUBITOS
Alimento Lácteo LAIVE Biodefensa Sabor a Fresa Botella 100ml Paquete 4un,S/ 6.30,vivanda,ALIMENTOS EN CUBITOS,2024-12-04 18:10:15.361329,100.0,ml,6.3,vivanda,LAIVE,ALIMENTOS EN CUBITOS
Alimento Lácteo LAIVE Biodefensa Sabor a Vainilla Francesa Botella 100ml Paquete 4un,S/ 6.30,vivanda,ALIMENTOS EN CUBITOS,2024-12-04 18:10:15.361329,100.0,ml,6.3,vivanda,LAIVE,ALIMENTOS EN CUBITOS
Alimento Lácteo LAIVE Bio Defensa Niños Tutti Frutti Paquete 4un Botella 100ml,S/ 6.40,vivanda,ALIMENTOS EN CUBITOS,2024-12-04 18:10:15.361329,4.0,un,6.4,vivanda,LAIVE,ALIMENTOS EN CUBITOS
Alimento Húmedo para Gatos Fancy Feast Tartar de Trucha 85g,S/ 6.90,metro,ALIMENTOS EN CUBITOS,2024-12-04 22:08:32.953741,85.0,g,6.9,metro,,ALIMENTOS EN CUBITOS
Alimento Húmedo para Gatos Fancy Feast Paté de Pescado y Camarón 85g,S/ 6.90,metro,ALIMENTOS EN CUBITOS,2024-12-04 22:08:32.953741,85.0,g,6.9,metro,,ALIMENTOS EN CUBITOS
Alimento Húmedo para Gatos Fancy Feast Salmón 85g,S/ 6.90,metro,ALIMENTOS EN CUBITOS,2024-12-04 22:08:32.953741,85.0,g,6.9,metro,,ALIMENTOS EN CUBITOS
Alimento Húmedo para Gatos Fancy Feast Filetes de Atún 85g,S/ 6.90,metro,ALIMENTOS EN CUBITOS,2024-12-04 22:08:32.953741,85.0,g,6.9,metro,,ALIMENTOS EN CUBITOS
Alimento Húmedo para Gatos Fancy Feast Gravy Lovers Pollo 85g,S/ 6.90,metro,ALIMENTOS EN CUBITOS,2024-12-04 22:08:32.953741,85.0,g,6.9,metro,,ALIMENTOS EN CUBITOS
Felix Alimento Húmedo para Gatos Paté de Salmón Lata 156 gr,S/ 7.00,metro,ALIMENTOS EN CUBITOS,2024-12-04 22:08:32.953741,156.0,g,7.0,metro,,ALIMENTOS EN CUBITOS
Felix Alimento Húmedo para Gatos Trocitos de Pollo en Salsa Lata 156 gr,S/ 7.00,metro,ALIMENTOS EN CUBITOS,2024-12-04 22:08:32.953741,156.0,g,7.0,metro,,ALIMENTOS EN CUBITOS
Felix Alimento Húmedo para Gatos Filetes de Pescado y Atún en Salsa Lata 156 gr,S/ 7.00,metro,ALIMENTOS EN CUBITOS,2024-12-04 22:08:32.953741,156.0,g,7.0,metro,,ALIMENTOS EN CUBITOS
Felix Alimento Húmedo para Gatos Paté de Pavo y Menudencias Lata 156 gr,S/ 7.00,metro,ALIMENTOS EN CUBITOS,2024-12-04 22:08:32.953741,156.0,g,7.0,metro,,ALIMENTOS EN CUBITOS
Alimento Húmedo para Gatos Sabor Paté Pescado y Atún Felix 156g,S/ 7.00,metro,ALIMENTOS EN CUBITOS,2024-12-04 22:08:32.953741,156.0,g,7.0,metro,,ALIMENTOS EN CUBITOS
Alimento Para Perro Adulto x 1 Kg,S/ 7.50,tottus,ALIMENTOS EN CUBITOS,2024-12-04 13:52:02.031614,1.0,kg,7.5,tottus,PRECIO UNO,ALIMENTOS EN CUBITOS
Alimento para Gatos PURINA ONE Adultos Salmón Doypack 85g,S/ 7.80,vivanda,ALIMENTOS EN CUBITOS,2024-12-04 18:10:15.361329,85.0,g,7.8,vivanda,PURINA ONE,ALIMENTOS EN CUBITOS
"Alimento para Gatos PURINA ONE Adultos Salmón, Atún y Pescado Blanco Doypack 85g",S/ 7.80,vivanda,ALIMENTOS EN CUBITOS,2024-12-04 18:10:15.361329,85.0,g,7.8,vivanda,PURINA ONE,ALIMENTOS EN CUBITOS
"Alimento para Perros PURINA ONE Adultos Carne, Pollo y Cordero Doypack 85g",S/ 7.80,vivanda,ALIMENTOS EN CUBITOS,2024-12-04 18:10:15.361329,85.0,g,7.8,vivanda,PURINA ONE,ALIMENTOS EN CUBITOS
Alimento para Perros PURINA ONE Adultos Pollo Doypack 85g,S/ 7.80,vivanda,ALIMENTOS EN CUBITOS,2024-12-04 18:10:15.361329,85.0,g,7.8,vivanda,PURINA ONE,ALIMENTOS EN CUBITOS
Alimento para Gatos PURINA ONE Adultos Carne Doypack 85g,S/ 7.80,vivanda,ALIMENTOS EN CUBITOS,2024-12-04 18:10:15.361329,85.0,g,7.8,vivanda,PURINA ONE,ALIMENTOS EN CUBITOS
Alimento para Perros PURINA ONE Adultos Salmón Doypack 85g,S/ 7.80,vivanda,ALIMENTOS EN CUBITOS,2024-12-04 18:10:15.361329,85.0,g,7.8,vivanda,PURINA ONE,ALIMENTOS EN CUBITOS
Alimento para Perros DOG CHOW Todas las Razas Sabor a Pollo Molido Lata 368gr,S/ 9.50,vega,ALIMENTOS EN CUBITOS,2024-12-04 14:34:32.726772,368.0,g,9.5,vega,Dog Chow,ALIMENTOS EN CUBITOS
Alimento Húmedo para Perros DOG CHOW Cachorros Todos Los Tamaños con Pollo 100gr,S/ 9.50,vivanda,ALIMENTOS EN CUBITOS,2024-12-04 18:10:15.361329,100.0,g,9.5,vivanda,DOG CHOW,ALIMENTOS EN CUBITOS
Alimento Nutricional PEDIASURE Sabor a Vainilla Botella 220ml,S/ 9.70,vivanda,ALIMENTOS EN CUBITOS,2024-12-04 18:10:15.361329,220.0,ml,9.7,vivanda,PEDIASURE,ALIMENTOS EN CUBITOS
Alimento Húmedo para Perros DOG CHOW Adultos Cordero Doypack 100g x3u,S/ 9.90 28%,vega,ALIMENTOS EN CUBITOS,2024-12-04 14:34:32.726772,100.0,g,9.9,vega,Dog Chow,ALIMENTOS EN CUBITOS
Alimento Húmedo para Perros DOG CHOW Cachorros Pollo Doypack 100g x3u,S/ 9.90 28%,vega,ALIMENTOS EN CUBITOS,2024-12-04 14:34:32.726772,100.0,g,9.9,vega,Dog Chow,ALIMENTOS EN CUBITOS
Alimento Húmedo para Gatos CAT CHOW Esterilizados Pescado Pouch 85g x2u,S/ 10.40,vega,ALIMENTOS EN CUBITOS,2024-12-04 14:34:32.726772,85.0,g,10.4,vega,CAT CHOW,ALIMENTOS EN CUBITOS
Alimento Granulado MILO Activ - Go Doypack 190g,S/ 10.50 4%,vega,ALIMENTOS EN CUBITOS,2024-12-04 14:34:32.726772,190.0,g,10.5,vega,Milo,ALIMENTOS EN CUBITOS
Alimento Húmedo Dog Chow High Protein Pollo 368g,S/ 10.50,metro,ALIMENTOS EN CUBITOS,2024-12-04 22:08:32.953741,368.0,g,10.5,metro,,ALIMENTOS EN CUBITOS
Alimento Húmedo Dog Chow High Protein Carne 368g,S/ 10.50,metro,ALIMENTOS EN CUBITOS,2024-12-04 22:08:32.953741,368.0,g,10.5,metro,,ALIMENTOS EN CUBITOS
Alimento Granulado Milo Activ-Go 190g,S/ 10.90,metro,ALIMENTOS EN CUBITOS,2024-12-04 22:08:32.953741,190.0,g,10.9,metro,,ALIMENTOS EN CUBITOS
Ricocan Alimento para Perros Adultos Raza Pequeña Cordero y Cereales Bolsa 1 Kg,S/ 11.90,metro,ALIMENTOS EN CUBITOS,2024-12-04 22:08:32.953741,1.0,kg,11.9,metro,,ALIMENTOS EN CUBITOS
Alimento Húmedo para Perros SUPER CAN Adultos Guiso en salsa Cordero Lata 290g x2u,S/ 12.00,vega,ALIMENTOS EN CUBITOS,2024-12-04 14:34:32.726772,290.0,g,12.0,vega,Super Can,ALIMENTOS EN CUBITOS
Alimento para Gato CAT CHOW Esterilizados Adulto Pouch 85g Pack 3u,S/ 12.00,vega,ALIMENTOS EN CUBITOS,2024-12-04 14:34:32.726772,85.0,g,12.0,vega,CAT CHOW,ALIMENTOS EN CUBITOS
Tomates en Cubos Del Monte Lata 411 g,S/ 12.10,wong,ALIMENTOS EN CUBITOS,2024-12-04 20:23:22.842431,411.0,g,12.1,wong,,ALIMENTOS EN CUBITOS
Alimento para Perros Adultos Sabor Carne y Cereales 2 kg,S/ 12.90,tottus,ALIMENTOS EN CUBITOS,2024-12-04 13:52:02.031614,2.0,kg,12.9,tottus,PRECIO UNO,ALIMENTOS EN CUBITOS
Alimento Seco Gato Esterilizado x 500 g,S/ 13.50,tottus,ALIMENTOS EN CUBITOS,2024-12-04 13:52:02.031614,500.0,g,13.5,tottus,CAT CHOW,ALIMENTOS EN CUBITOS
Alimento Seco Deli Mix Adulto x 500 g,S/ 13.50,tottus,ALIMENTOS EN CUBITOS,2024-12-04 13:52:02.031614,500.0,g,13.5,tottus,CAT CHOW,ALIMENTOS EN CUBITOS
Alimento Granulado MILO Activ - Go Doypack 350g,S/ 13.90 7%,vega,ALIMENTOS EN CUBITOS,2024-12-04 14:34:32.726772,350.0,g,13.9,vega,Milo,ALIMENTOS EN CUBITOS
"Thor Alimento para Perros Adultos Carne, Hígado y Cereales Bolsa 2 Kg",S/ 13.90,metro,ALIMENTOS EN CUBITOS,2024-12-04 22:08:32.953741,2.0,kg,13.9,metro,,ALIMENTOS EN CUBITOS
Alimento Fancy Feast Kisses Filete de Atun 40g,S/ 13.90,metro,ALIMENTOS EN CUBITOS,2024-12-04 22:08:32.953741,40.0,g,13.9,metro,,ALIMENTOS EN CUBITOS
Alimento Húmedo para Gatos FELIX Paté de Salmón Lata 156g x2u,S/ 14.00,vega,ALIMENTOS EN CUBITOS,2024-12-04 14:34:32.726772,156.0,g,14.0,vega,FELIX,ALIMENTOS EN CUBITOS
Alimento Húmedo para Gatos FELIX Filete de Pescado y Atún Lata 156g x2u,S/ 14.00,vega,ALIMENTOS EN CUBITOS,2024-12-04 14:34:32.726772,156.0,g,14.0,vega,FELIX,ALIMENTOS EN CUBITOS
Ricocat Alimento para Gatos Adultos Festival de Sabores Bolsa 1 Kg,S/ 14.50,metro,ALIMENTOS EN CUBITOS,2024-12-04 22:08:32.953741,1.0,kg,14.5,metro,,ALIMENTOS EN CUBITOS
Ricocat Alimento para Gatos Adultos Esterilizados Bolsa 1 Kg,S/ 14.50,metro,ALIMENTOS EN CUBITOS,2024-12-04 22:08:32.953741,1.0,kg,14.5,metro,,ALIMENTOS EN CUBITOS
Alimento para Perros Natural Home Hamburguesa de Res 600g,S/ 14.99,metro,ALIMENTOS EN CUBITOS,2024-12-04 22:08:32.953741,600.0,g,14.99,metro,,ALIMENTOS EN CUBITOS
Alimento Granulado Milo Activ-Go Chocolate 350g,S/ 15.00,metro,ALIMENTOS EN CUBITOS,2024-12-04 22:08:32.953741,350.0,g,15.0,metro,,ALIMENTOS EN CUBITOS
Alimento Granulado Milo 350g + Pote,S/ 15.50,metro,ALIMENTOS EN CUBITOS,2024-12-04 22:08:32.953741,350.0,g,15.5,metro,,ALIMENTOS EN CUBITOS
Alimento Húmedo para Perros DOG CHOW High Protein Chicken Lata 368g x2u,S/ 15.90 31%,vega,ALIMENTOS EN CUBITOS,2024-12-04 14:34:32.726772,368.0,g,15.9,vega,Dog Chow,ALIMENTOS EN CUBITOS
Alimento Húmedo para Perros DOG CHOW High Protein Beef Lata 368g x2u,S/ 15.90 31%,vega,ALIMENTOS EN CUBITOS,2024-12-04 14:34:32.726772,368.0,g,15.9,vega,Dog Chow,ALIMENTOS EN CUBITOS
Contenedor de Alimentos VIVA HOME 1.6L,S/ 15.90,vivanda,ALIMENTOS EN CUBITOS,2024-12-04 18:10:15.361329,1.6,l,15.9,vivanda,VIVA HOME,ALIMENTOS EN CUBITOS
Alimento seco para perros Dogui Cachorros 1.5 kg,S/ 15.90,tottus,ALIMENTOS EN CUBITOS,2024-12-04 13:52:02.031614,1.5,kg,15.9,tottus,PURINA,ALIMENTOS EN CUBITOS
ALIMENTO COMPLETO PARA PERRO CACHORRO 2 KG,S/ 15.90,tottus,ALIMENTOS EN CUBITOS,2024-12-04 13:52:02.031614,2.0,kg,15.9,tottus,PRECIO UNO,ALIMENTOS EN CUBITOS
Alimento granulado Activ Go de 350 g,S/ 16.50,tottus,ALIMENTOS EN CUBITOS,2024-12-04 13:52:02.031614,350.0,g,16.5,tottus,MILO,ALIMENTOS EN CUBITOS
Alimento Granulado Milo Activ-Go 385g,S/ 16.50,metro,ALIMENTOS EN CUBITOS,2024-12-04 22:08:32.953741,385.0,g,16.5,metro,,ALIMENTOS EN CUBITOS
Alimento seco para gato GATI sabor pescado y salmón de 1 kg,S/ 16.90,tottus,ALIMENTOS EN CUBITOS,2024-12-04 13:52:02.031614,1.0,kg,16.9,tottus,PURINA,ALIMENTOS EN CUBITOS
Alimento para Perros WOOF CITY Mollejas de Pollo Bolsa 75g,S/ 16.99,vivanda,ALIMENTOS EN CUBITOS,2024-12-04 18:10:15.361329,75.0,g,16.99,vivanda,WOOF CITY,ALIMENTOS EN CUBITOS
Alimento Instántaneo en Polvo COLA CAO Original Pote 400g,S/ 17.80,vivanda,ALIMENTOS EN CUBITOS,2024-12-04 18:10:15.361329,400.0,g,17.8,vivanda,COLA CAO,ALIMENTOS EN CUBITOS
Alimento Instántaneo en Polvo COLA CAO Pote 350g,S/ 18.50,vivanda,ALIMENTOS EN CUBITOS,2024-12-04 18:10:15.361329,350.0,g,18.5,vivanda,COLA CAO,ALIMENTOS EN CUBITOS
Contenedor de Alimentos VIVA HOME 1.1L,S/ 18.90,vivanda,ALIMENTOS EN CUBITOS,2024-12-04 18:10:15.361329,1.1,l,18.9,vivanda,VIVA HOME,ALIMENTOS EN CUBITOS
Alimento Granulado MILO Activ-go Lata 380gr,S/ 19.20 4%,vega,ALIMENTOS EN CUBITOS,2024-12-04 14:34:32.726772,380.0,g,19.2,vega,Milo,ALIMENTOS EN CUBITOS
Alimento seco para gatos Adultos Selección especial de 1 kg,S/ 19.90,tottus,ALIMENTOS EN CUBITOS,2024-12-04 13:52:02.031614,1.0,kg,19.9,tottus,FRISKIES,ALIMENTOS EN CUBITOS
Alimento seco para gatos ADULTOS Mar de Sabores de 1 kg,S/ 19.90,tottus,ALIMENTOS EN CUBITOS,2024-12-04 13:52:02.031614,1.0,kg,19.9,tottus,FRISKIES,ALIMENTOS EN CUBITOS
Cubos de Hielo ARTISAN 40mm Doypack 24un,S/ 19.90,vivanda,ALIMENTOS EN CUBITOS,2024-12-04 18:10:15.361329,24.0,un,19.9,vivanda,ARTISAN,ALIMENTOS EN CUBITOS
Alimento para Gatos Friskies Original 1Kg,S/ 19.90,metro,ALIMENTOS EN CUBITOS,2024-12-04 22:08:32.953741,1.0,kg,19.9,metro,,ALIMENTOS EN CUBITOS
Alimento Granulado Milo Activ-Go 380g,S/ 19.90,metro,ALIMENTOS EN CUBITOS,2024-12-04 22:08:32.953741,380.0,g,19.9,metro,,ALIMENTOS EN CUBITOS
Alimento Granulado MILO Activ-Go Doypack 190gr x 2u,S/ 21.00,vega,ALIMENTOS EN CUBITOS,2024-12-04 14:34:32.726772,190.0,g,21.0,vega,Milo,ALIMENTOS EN CUBITOS
Alimento para gato sabor salmón en bolsa de 500 gr,S/ 23.50,tottus,ALIMENTOS EN CUBITOS,2024-12-04 13:52:02.031614,500.0,g,23.5,tottus,PURINA ONE,ALIMENTOS EN CUBITOS
Alimento para Perros Adulto Pet's Fun Cereales y Carne 3kg,S/ 23.90,metro,ALIMENTOS EN CUBITOS,2024-12-04 22:08:32.953741,3.0,kg,23.9,metro,,ALIMENTOS EN CUBITOS
Cubos de Hielo ARTISAN 50mm Caja 6un,S/ 24.90,vivanda,ALIMENTOS EN CUBITOS,2024-12-04 18:10:15.361329,6.0,un,24.9,vivanda,ARTISAN,ALIMENTOS EN CUBITOS
Contenedor de Alimentos VIVA HOME 2.2L,S/ 24.90,vivanda,ALIMENTOS EN CUBITOS,2024-12-04 18:10:15.361329,2.2,l,24.9,vivanda,VIVA HOME,ALIMENTOS EN CUBITOS
Alimento para Gatos Adultos Delimix Bolsa 1 Kg,S/ 25.50,metro,ALIMENTOS EN CUBITOS,2024-12-04 22:08:32.953741,1.0,kg,25.5,metro,,ALIMENTOS EN CUBITOS
Alimento para Gatos Esterilizados Bolsa 1 kg,S/ 25.50,metro,ALIMENTOS EN CUBITOS,2024-12-04 22:08:32.953741,1.0,kg,25.5,metro,,ALIMENTOS EN CUBITOS
Alimento para Gatos Gatito Bolsa 1 Kg,S/ 25.50,metro,ALIMENTOS EN CUBITOS,2024-12-04 22:08:32.953741,1.0,kg,25.5,metro,,ALIMENTOS EN CUBITOS
Alimento Seco Gato Esterilizado +6M Bolsa x 1Kg,S/ 26.50,tottus,ALIMENTOS EN CUBITOS,2024-12-04 13:52:02.031614,1.0,kg,26.5,tottus,CAT CHOW,ALIMENTOS EN CUBITOS
Alimento para Gatos Adulto Delimix en bolsa de 1 kg,S/ 26.50,tottus,ALIMENTOS EN CUBITOS,2024-12-04 13:52:02.031614,1.0,kg,26.5,tottus,CAT CHOW,ALIMENTOS EN CUBITOS
Alimento para Gatos Gatitos en bolsa de 1 kg,S/ 26.50,tottus,ALIMENTOS EN CUBITOS,2024-12-04 13:52:02.031614,1.0,kg,26.5,tottus,CAT CHOW,ALIMENTOS EN CUBITOS
Alimento Granulado MILO Activ-GO Tira 24u Sobre 17gr,S/ 26.90,vega,ALIMENTOS EN CUBITOS,2024-12-04 14:34:32.726772,17.0,g,26.9,vega,Milo,ALIMENTOS EN CUBITOS
Alimento Granulado Milo Activ-Go 700g,S/ 27.90,metro,ALIMENTOS EN CUBITOS,2024-12-04 22:08:32.953741,700.0,g,27.9,metro,,ALIMENTOS EN CUBITOS
Ricocan Alimento para Perros Adultos Raza Mediana / Grande Cordero y Cereales Bolsa 3 Kg,S/ 28.50,metro,ALIMENTOS EN CUBITOS,2024-12-04 22:08:32.953741,3.0,kg,28.5,metro,,ALIMENTOS EN CUBITOS
Ricocan Alimento para Perros Adultos Raza Pequeña Cordero y Cereales Bolsa 3 Kg,S/ 28.50,metro,ALIMENTOS EN CUBITOS,2024-12-04 22:08:32.953741,3.0,kg,28.5,metro,,ALIMENTOS EN CUBITOS
Alimento para Perros Adultos Mimaskot Carnes Medianos y Grandes 3kg,S/ 29.50,metro,ALIMENTOS EN CUBITOS,2024-12-04 22:08:32.953741,3.0,kg,29.5,metro,,ALIMENTOS EN CUBITOS
Alimento para Perros Adultos Mimaskot Carnes y Pollo Pequeños 3kg,S/ 29.50,metro,ALIMENTOS EN CUBITOS,2024-12-04 22:08:32.953741,3.0,kg,29.5,metro,,ALIMENTOS EN CUBITOS
Alimento seco para perros Dogui Adultos 3 kg,S/ 30.90,tottus,ALIMENTOS EN CUBITOS,2024-12-04 13:52:02.031614,3.0,kg,30.9,tottus,PURINA,ALIMENTOS EN CUBITOS
Ricocan Alimento para Perros Cachorros Raza Mediana / Grande Carne y Leche Bolsa 3 Kg,S/ 32.00,metro,ALIMENTOS EN CUBITOS,2024-12-04 22:08:32.953741,3.0,kg,32.0,metro,,ALIMENTOS EN CUBITOS
Ricocan Alimento para Perros Cachorros Raza Pequeña Carne y Leche Bolsa 3 Kg,S/ 32.00,metro,ALIMENTOS EN CUBITOS,2024-12-04 22:08:32.953741,3.0,kg,32.0,metro,,ALIMENTOS EN CUBITOS
Alimento para perro Adulto Control de peso 2 kg,S/ 34.50,tottus,ALIMENTOS EN CUBITOS,2024-12-04 13:52:02.031614,2.0,kg,34.5,tottus,DOG CHOW,ALIMENTOS EN CUBITOS
"Alimento Seco para Gatos Ricocat Pollo, Sardina y Salmón 3kg",S/ 36.50,metro,ALIMENTOS EN CUBITOS,2024-12-04 22:08:32.953741,3.0,kg,36.5,metro,,ALIMENTOS EN CUBITOS
Alimento Ricocat Adultos Esterilizados 3Kg,S/ 36.50,metro,ALIMENTOS EN CUBITOS,2024-12-04 22:08:32.953741,3.0,kg,36.5,metro,,ALIMENTOS EN CUBITOS
Alimento Ricocat para Gatos Adultos Festival de Sabores 3 Kg,S/ 36.50,metro,ALIMENTOS EN CUBITOS,2024-12-04 22:08:32.953741,3.0,kg,36.5,metro,,ALIMENTOS EN CUBITOS
"Alimento para Gatitos Ricocat Carne, Pescado y Leche 3kg",S/ 38.50,metro,ALIMENTOS EN CUBITOS,2024-12-04 22:08:32.953741,3.0,kg,38.5,metro,,ALIMENTOS EN CUBITOS
Alimento Granulado Milo Activ-Go 940g,S/ 39.90,metro,ALIMENTOS EN CUBITOS,2024-12-04 22:08:32.953741,940.0,g,39.9,metro,,ALIMENTOS EN CUBITOS
Alimento para perro adulto de 2 kg,S/ 40.90,tottus,ALIMENTOS EN CUBITOS,2024-12-04 13:52:02.031614,2.0,kg,40.9,tottus,PEDIGREE,ALIMENTOS EN CUBITOS
Alimento para cachorro de 2 kg,S/ 40.90,tottus,ALIMENTOS EN CUBITOS,2024-12-04 13:52:02.031614,2.0,kg,40.9,tottus,PEDIGREE,ALIMENTOS EN CUBITOS
Alimento para perro Cachorros Minis y Pequeños 2 kg,S/ 41.90,tottus,ALIMENTOS EN CUBITOS,2024-12-04 13:52:02.031614,2.0,kg,41.9,tottus,DOG CHOW,ALIMENTOS EN CUBITOS
Alimento Granulado MILO Activ - Go Lata 940g,S/ 42.60,vega,ALIMENTOS EN CUBITOS,2024-12-04 14:34:32.726772,940.0,g,42.6,vega,Milo,ALIMENTOS EN CUBITOS
Alimento para Perro Dog Chow Longevidad +7 Tdm 3Kg,S/ 44.60,metro,ALIMENTOS EN CUBITOS,2024-12-04 22:08:32.953741,3.0,kg,44.6,metro,,ALIMENTOS EN CUBITOS
Alimento para perro Adultos Medianos y grandes 3 kg,S/ 46.50,tottus,ALIMENTOS EN CUBITOS,2024-12-04 13:52:02.031614,3.0,kg,46.5,tottus,DOG CHOW,ALIMENTOS EN CUBITOS
Alimento Granulado Activ Go 940g,S/ 47.50,tottus,ALIMENTOS EN CUBITOS,2024-12-04 13:52:02.031614,940.0,g,47.5,tottus,MILO,ALIMENTOS EN CUBITOS
Alimento Mimaskot Gatos Arena Gatos 20kg,S/ 49.50,metro,ALIMENTOS EN CUBITOS,2024-12-04 22:08:32.953741,20.0,kg,49.5,metro,,ALIMENTOS EN CUBITOS
Alimento para Gatos CAT CHOW Adulto Hogareños en Bolsa 1kg,S/ 49.50,vivanda,ALIMENTOS EN CUBITOS,2024-12-04 18:10:15.361329,1.0,kg,49.5,vivanda,DOG CHOW,ALIMENTOS EN CUBITOS
Alimento Lácteo Pro Altura Peso Vainilla 400 g,S/ 49.90,tottus,ALIMENTOS EN CUBITOS,2024-12-04 13:52:02.031614,400.0,g,49.9,tottus,SUSTAGEN,ALIMENTOS EN CUBITOS
Alimento para Perros Adultos Tamaño Pequeño / Mini Bolsa 3 Kg,S/ 52.50,metro,ALIMENTOS EN CUBITOS,2024-12-04 22:08:32.953741,3.0,kg,52.5,metro,,ALIMENTOS EN CUBITOS
Alimento Seco Dog Chow Cachorro Minis y Pequeños 3Kg,S/ 52.50,metro,ALIMENTOS EN CUBITOS,2024-12-04 22:08:32.953741,3.0,kg,52.5,metro,,ALIMENTOS EN CUBITOS
Alimento para Perros Adultos Tamaño Mediano / Grande Bolsa 3 Kg,S/ 52.50,metro,ALIMENTOS EN CUBITOS,2024-12-04 22:08:32.953741,3.0,kg,52.5,metro,,ALIMENTOS EN CUBITOS
Alimento para Perros Minis y Pequeños Purina One Pollo y Cordero 2kg,S/ 57.90,metro,ALIMENTOS EN CUBITOS,2024-12-04 22:08:32.953741,2.0,kg,57.9,metro,,ALIMENTOS EN CUBITOS
"Thor Alimento para Perros Adultos Carne, Hígado y Cereales Bolsa 10 Kg",S/ 58.00,metro,ALIMENTOS EN CUBITOS,2024-12-04 22:08:32.953741,10.0,kg,58.0,metro,,ALIMENTOS EN CUBITOS
Thor Alimento para Perros Adultos Sabor Clásico Bolsa 10 Kg,S/ 58.00,metro,ALIMENTOS EN CUBITOS,2024-12-04 22:08:32.953741,10.0,kg,58.0,metro,,ALIMENTOS EN CUBITOS
Pañal Super Premium Xg 60 und,S/ 59.90,tottus,ALIMENTOS EN CUBITOS,2024-12-04 13:52:02.031614,60.0,un,59.9,tottus,BABYSEC,ALIMENTOS EN CUBITOS
Alimento para Gatos adultos Delimix en bolsa 3 kg,S/ 59.90,tottus,ALIMENTOS EN CUBITOS,2024-12-04 13:52:02.031614,3.0,kg,59.9,tottus,CAT CHOW,ALIMENTOS EN CUBITOS
Pañal Super Premium Xxg 58 und,S/ 59.90,tottus,ALIMENTOS EN CUBITOS,2024-12-04 13:52:02.031614,1.0,g,59.9,tottus,BABYSEC,ALIMENTOS EN CUBITOS
Alimento para Gatos ESTERILIZADOS bolsa 3 kg,S/ 59.90,tottus,ALIMENTOS EN CUBITOS,2024-12-04 13:52:02.031614,3.0,kg,59.9,tottus,CAT CHOW,ALIMENTOS EN CUBITOS
ALIMENTO ADULTO SABOR CLASICO 10KG,S/ 59.90,tottus,ALIMENTOS EN CUBITOS,2024-12-04 13:52:02.031614,10.0,kg,59.9,tottus,THOR,ALIMENTOS EN CUBITOS
Alimento para Perros DOGUI Para Adulto Sabor Pollo y Carne 8kg,S/ 62.90,vega,ALIMENTOS EN CUBITOS,2024-12-04 14:34:32.726772,8.0,kg,62.9,vega,DOGUI,ALIMENTOS EN CUBITOS
Alimento para Gatos Esterilizados Bolsa 3 kg,S/ 65.90,metro,ALIMENTOS EN CUBITOS,2024-12-04 22:08:32.953741,3.0,kg,65.9,metro,,ALIMENTOS EN CUBITOS
Complemento Sabor Vainilla 1 kg,S/ 66.70,tottus,ALIMENTOS EN CUBITOS,2024-12-04 13:52:02.031614,1.0,kg,66.7,tottus,PVM,ALIMENTOS EN CUBITOS
Suplemento Sabor Chocolate Reforzado con Hierro 1 kg,S/ 66.70,tottus,ALIMENTOS EN CUBITOS,2024-12-04 13:52:02.031614,1.0,kg,66.7,tottus,PVM,ALIMENTOS EN CUBITOS
Alimento seco para perros Dogui Adultos 8 kg,S/ 69.90,tottus,ALIMENTOS EN CUBITOS,2024-12-04 13:52:02.031614,8.0,kg,69.9,tottus,PURINA,ALIMENTOS EN CUBITOS
Alimento seco para perros Dogui Cachorros 8 kg,S/ 69.90,tottus,ALIMENTOS EN CUBITOS,2024-12-04 13:52:02.031614,8.0,kg,69.9,tottus,PURINA,ALIMENTOS EN CUBITOS
Alimento para Perros Dogui Adulto 8kg,S/ 70.90,metro,ALIMENTOS EN CUBITOS,2024-12-04 22:08:32.953741,8.0,kg,70.9,metro,,ALIMENTOS EN CUBITOS
Alimento para Gatos Purina One Pollo y Salmón 2kg,S/ 74.10,metro,ALIMENTOS EN CUBITOS,2024-12-04 22:08:32.953741,2.0,kg,74.1,metro,,ALIMENTOS EN CUBITOS
Alimento para Gatos Esterilizados Purina One Pollo y Salmón 2kg,S/ 74.10,metro,ALIMENTOS EN CUBITOS,2024-12-04 22:08:32.953741,2.0,kg,74.1,metro,,ALIMENTOS EN CUBITOS
Alimento para Gatitos Purina One Pollo y Carne 2kg,S/ 74.10,metro,ALIMENTOS EN CUBITOS,2024-12-04 22:08:32.953741,2.0,kg,74.1,metro,,ALIMENTOS EN CUBITOS
Ricocan Alimento para Perros Adultos Raza Pequeña Cordero y Cereales Bolsa 8 Kg,S/ 77.00,metro,ALIMENTOS EN CUBITOS,2024-12-04 22:08:32.953741,8.0,kg,77.0,metro,,ALIMENTOS EN CUBITOS
Alimento Zeus Adulto Rafia 18Kg,S/ 78.90,metro,ALIMENTOS EN CUBITOS,2024-12-04 22:08:32.953741,18.0,kg,78.9,metro,,ALIMENTOS EN CUBITOS
Alimento Completo Para Gatos x 9 Kg,S/ 81.90,tottus,ALIMENTOS EN CUBITOS,2024-12-04 13:52:02.031614,9.0,kg,81.9,tottus,PRECIO UNO,ALIMENTOS EN CUBITOS
Nutrican Alimento para Perros Adultos Nutrición Total Bolsa 15 Kg,S/ 82.90,metro,ALIMENTOS EN CUBITOS,2024-12-04 22:08:32.953741,15.0,kg,82.9,metro,,ALIMENTOS EN CUBITOS
"Supercat Alimento para Gatos Adultos Carne, Pollo y Leche Bolsa 9 Kg",S/ 84.90,metro,ALIMENTOS EN CUBITOS,2024-12-04 22:08:32.953741,9.0,kg,84.9,metro,,ALIMENTOS EN CUBITOS
Alimento para Perros Adulto Pet's Fun Cereales y Carne 15kg,S/ 84.90,metro,ALIMENTOS EN CUBITOS,2024-12-04 22:08:32.953741,15.0,kg,84.9,metro,,ALIMENTOS EN CUBITOS
"Alimento para Perros Cachorro Pet's Fun Cereales, Pollo y Carne 15kg",S/ 84.90,metro,ALIMENTOS EN CUBITOS,2024-12-04 22:08:32.953741,15.0,kg,84.9,metro,,ALIMENTOS EN CUBITOS
Alimento para Perros Adultos Sabor Carne y Cereales 16 kg,S/ 84.90,tottus,ALIMENTOS EN CUBITOS,2024-12-04 13:52:02.031614,16.0,kg,84.9,tottus,PRECIO UNO,ALIMENTOS EN CUBITOS
"Mimaskot Alimento Seco para Gatos Adultos Sabor Pollo, Carne y Salmón Bolsa 9 Kg",S/ 85.50,metro,ALIMENTOS EN CUBITOS,2024-12-04 22:08:32.953741,9.0,kg,85.5,metro,,ALIMENTOS EN CUBITOS
"Mimaskot Alimento Seco para Gatitos Sabor Pollo, Carne y Leche Bolsa 9 Kg",S/ 88.50,metro,ALIMENTOS EN CUBITOS,2024-12-04 22:08:32.953741,9.0,kg,88.5,metro,,ALIMENTOS EN CUBITOS
"Ricocat Alimento para Gatos Adultos Pollo, Sardina y Salmón 9kg",S/ 89.90,metro,ALIMENTOS EN CUBITOS,2024-12-04 22:08:32.953741,9.0,kg,89.9,metro,,ALIMENTOS EN CUBITOS
"Ricocat Alimento para Gatos Adultos Carne, Salmón y Leche Bolsa 9 Kg",S/ 89.90,metro,ALIMENTOS EN CUBITOS,2024-12-04 22:08:32.953741,9.0,kg,89.9,metro,,ALIMENTOS EN CUBITOS
Ricocat Alimento para Gatos Adultos Festival de Sabores Bolsa 9 Kg,S/ 89.90,metro,ALIMENTOS EN CUBITOS,2024-12-04 22:08:32.953741,9.0,kg,89.9,metro,,ALIMENTOS EN CUBITOS
Ricocat Alimento para Gatos Adultos Esterilizados Bolsa 9 Kg,S/ 89.90,metro,ALIMENTOS EN CUBITOS,2024-12-04 22:08:32.953741,9.0,kg,89.9,metro,,ALIMENTOS EN CUBITOS
Comida para gatos esterilizados sabor pescado de 9 kg,S/ 94.50,tottus,ALIMENTOS EN CUBITOS,2024-12-04 13:52:02.031614,9.0,kg,94.5,tottus,RICOCAT,ALIMENTOS EN CUBITOS
Comida para gatos adultos sabor carne salmón y leche de 9 kg,S/ 94.50,tottus,ALIMENTOS EN CUBITOS,2024-12-04 13:52:02.031614,9.0,kg,94.5,tottus,RICOCAT,ALIMENTOS EN CUBITOS
Alimento Seco para Gatos Friskies Sensaciones Marinas 7.5kg,S/ 95.00,metro,ALIMENTOS EN CUBITOS,2024-12-04 22:08:32.953741,7.5,kg,95.0,metro,,ALIMENTOS EN CUBITOS
Alimento Nutricional SUSTAGEN Pro Sabor a Vainilla Lata 900g,S/ 96.30,vivanda,ALIMENTOS EN CUBITOS,2024-12-04 18:10:15.361329,900.0,g,96.3,vivanda,SUSTAGEN,ALIMENTOS EN CUBITOS
Comida para perros adultos sabor carne y cereales de 15 kg,S/ 96.90,tottus,ALIMENTOS EN CUBITOS,2024-12-04 13:52:02.031614,15.0,kg,96.9,tottus,TOTTUS,ALIMENTOS EN CUBITOS
Alimento para Perros Mimaskot Adultos Raza Pequeña 15kg,S/ 97.90,metro,ALIMENTOS EN CUBITOS,2024-12-04 22:08:32.953741,15.0,kg,97.9,metro,,ALIMENTOS EN CUBITOS
Alimento para Perros Adultos Mimaskot Cordero Medianos y Grandes 15kg,S/ 97.90,metro,ALIMENTOS EN CUBITOS,2024-12-04 22:08:32.953741,15.0,kg,97.9,metro,,ALIMENTOS EN CUBITOS
Alimento para Perros Adultos Mimaskot Carnes Medianos y Grandes 15kg,S/ 97.90,metro,ALIMENTOS EN CUBITOS,2024-12-04 22:08:32.953741,15.0,kg,97.9,metro,,ALIMENTOS EN CUBITOS
Alimento para Perros Cachorros Mimaskot Carnes y Pollo Medianos y Grandes 15kg,S/ 97.90,metro,ALIMENTOS EN CUBITOS,2024-12-04 22:08:32.953741,15.0,kg,97.9,metro,,ALIMENTOS EN CUBITOS
Alimento para Perros Cachorros Mimaskot Carnes y Pollo Pequeños 15kg,S/ 97.90,metro,ALIMENTOS EN CUBITOS,2024-12-04 22:08:32.953741,15.0,kg,97.9,metro,,ALIMENTOS EN CUBITOS
Alimento Lacteo Pro Altura Peso Vainilla 900G,S/ 97.91,tottus,ALIMENTOS EN CUBITOS,2024-12-04 13:52:02.031614,900.0,g,97.91,tottus,SUSTAGEN,ALIMENTOS EN CUBITOS
Alimento lácteo Premium Promental Preescolar Etapa 4 sabor vainilla 1.1 Kg,S/ 99,tottus,ALIMENTOS EN CUBITOS,2024-12-04 13:52:02.031614,1.1,kg,99.0,tottus,ENFAGROW,ALIMENTOS EN CUBITOS
Alimento Lácteo ENFAGROW Premium Promental Confort Lata 800g,S/ 99.00,vivanda,ALIMENTOS EN CUBITOS,2024-12-04 18:10:15.361329,800.0,g,99.0,vivanda,ENFAGROW,ALIMENTOS EN CUBITOS
Alimento lácteo Premium Etapa 2 Promental Confort 800 g,S/ 99.90,tottus,ALIMENTOS EN CUBITOS,2024-12-04 13:52:02.031614,800.0,g,99.9,tottus,ENFAGROW,ALIMENTOS EN CUBITOS
Alimento para perro Triple Proteína Adultos todos los tamaños 8 kg,S/ 101.50,tottus,ALIMENTOS EN CUBITOS,2024-12-04 13:52:02.031614,8.0,kg,101.5,tottus,DOG CHOW,ALIMENTOS EN CUBITOS
Alimento para perro Adulto Minis y Pequeños 8 kg,S/ 101.90,tottus,ALIMENTOS EN CUBITOS,2024-12-04 13:52:02.031614,8.0,kg,101.9,tottus,DOG CHOW,ALIMENTOS EN CUBITOS
Alimento para Perros Dog Chow Longevidad 8kg,S/ 103.90,metro,ALIMENTOS EN CUBITOS,2024-12-04 22:08:32.953741,8.0,kg,103.9,metro,,ALIMENTOS EN CUBITOS
Alimento para Perros Dog Chow Control de Peso 8kg,S/ 103.90,metro,ALIMENTOS EN CUBITOS,2024-12-04 22:08:32.953741,8.0,kg,103.9,metro,,ALIMENTOS EN CUBITOS
Alimento para Perros Adultos Tamaño Pequeño / Mini Bolsa 8 Kg,S/ 103.90,metro,ALIMENTOS EN CUBITOS,2024-12-04 22:08:32.953741,8.0,kg,103.9,metro,,ALIMENTOS EN CUBITOS
Alimento Seco Dog Chow Cachorro Medianos y Grandes 8Kg,S/ 103.90,metro,ALIMENTOS EN CUBITOS,2024-12-04 22:08:32.953741,8.0,kg,103.9,metro,,ALIMENTOS EN CUBITOS
Alimento Seco Zeus adulto 25kg,S/ 107.90,metro,ALIMENTOS EN CUBITOS,2024-12-04 22:08:32.953741,25.0,kg,107.9,metro,,ALIMENTOS EN CUBITOS
Suplemento Nutricional Plus Triplesure Sabor Vainilla 900 g,S/ 107.90,tottus,ALIMENTOS EN CUBITOS,2024-12-04 13:52:02.031614,900.0,g,107.9,tottus,PEDIASURE,ALIMENTOS EN CUBITOS
Advance 850 g,S/ 107.90,tottus,ALIMENTOS EN CUBITOS,2024-12-04 13:52:02.031614,850.0,g,107.9,tottus,ENSURE,ALIMENTOS EN CUBITOS
Alimento en Polvo ENFAGROW Promental Preescolar Sabor a Vainilla Caja 1.1Kg,S/ 108.50,vivanda,ALIMENTOS EN CUBITOS,2024-12-04 18:10:15.361329,1.1,kg,108.5,vivanda,ENFAGROW,ALIMENTOS EN CUBITOS
Alimento para Perros Adultos Ricocan Mediano Grande Cordero 15kg,S/ 109.90,metro,ALIMENTOS EN CUBITOS,2024-12-04 22:08:32.953741,15.0,kg,109.9,metro,,ALIMENTOS EN CUBITOS
Comida para perros cachorros pequeñas sabor carne y leche de 15 kg,S/ 109.90,tottus,ALIMENTOS EN CUBITOS,2024-12-04 13:52:02.031614,15.0,kg,109.9,tottus,RICOCAN,ALIMENTOS EN CUBITOS
Comida para perros adultos pequeños sabor cordero y cereales de 15 kg,S/ 109.90,tottus,ALIMENTOS EN CUBITOS,2024-12-04 13:52:02.031614,15.0,kg,109.9,tottus,RICOCAN,ALIMENTOS EN CUBITOS
Comida para perros adultos medianos y grandes sabor cordero y cereales de 15 kg,S/ 109.90,tottus,ALIMENTOS EN CUBITOS,2024-12-04 13:52:02.031614,15.0,kg,109.9,tottus,RICOCAN,ALIMENTOS EN CUBITOS
Ricocan Alimento para Perros Cachorros Raza Mediana / Grande Carne y Leche Bolsa 15 Kg,S/ 109.90,metro,ALIMENTOS EN CUBITOS,2024-12-04 22:08:32.953741,15.0,kg,109.9,metro,,ALIMENTOS EN CUBITOS
Ricocan Alimento para Perros Adultos Edad Avanzada Bolsa 15 Kg,S/ 109.90,metro,ALIMENTOS EN CUBITOS,2024-12-04 22:08:32.953741,15.0,kg,109.9,metro,,ALIMENTOS EN CUBITOS
Ricocan Alimento para Perros Adultos Raza Pequeña Cordero y Cereales Bolsa 15 Kg,S/ 109.90,metro,ALIMENTOS EN CUBITOS,2024-12-04 22:08:32.953741,15.0,kg,109.9,metro,,ALIMENTOS EN CUBITOS
Ricocan Alimento para Perros Adultos Original Bolsa 15 Kg,S/ 109.90,metro,ALIMENTOS EN CUBITOS,2024-12-04 22:08:32.953741,15.0,kg,109.9,metro,,ALIMENTOS EN CUBITOS
Alimento para Gatos Adultos Selección Especial Bolsa 7.5 Kg,S/ 110.90,metro,ALIMENTOS EN CUBITOS,2024-12-04 22:08:32.953741,7.5,kg,110.9,metro,,ALIMENTOS EN CUBITOS
Alimento Nutricional PEDIASURE Vainilla clásica Lata 900g,S/ 114.50,vivanda,ALIMENTOS EN CUBITOS,2024-12-04 18:10:15.361329,900.0,g,114.5,vivanda,PEDIASURE,ALIMENTOS EN CUBITOS
Comida para perros cachorros sabor carne y leche de 15 kg,S/ 115.50,tottus,ALIMENTOS EN CUBITOS,2024-12-04 13:52:02.031614,15.0,kg,115.5,tottus,RICOCAN,ALIMENTOS EN CUBITOS
Comida para perros adultos todas las razas sabor carne de 15 kg,S/ 115.50,tottus,ALIMENTOS EN CUBITOS,2024-12-04 13:52:02.031614,15.0,kg,115.5,tottus,RICOCAN,ALIMENTOS EN CUBITOS
Alimento para Gatos Adultos Cat Chow Delimix 8kg,S/ 116.50,metro,ALIMENTOS EN CUBITOS,2024-12-04 22:08:32.953741,8.0,kg,116.5,metro,,ALIMENTOS EN CUBITOS
Alimento para Gatos Adultos Pescado Bolsa 8 Kg,S/ 116.50,metro,ALIMENTOS EN CUBITOS,2024-12-04 22:08:32.953741,8.0,kg,116.5,metro,,ALIMENTOS EN CUBITOS
Alimento para Gatitos Cat Chow Esterilizado 8 kg,S/ 116.50,metro,ALIMENTOS EN CUBITOS,2024-12-04 22:08:32.953741,8.0,kg,116.5,metro,,ALIMENTOS EN CUBITOS
Comida para Perros Adultos Sabor Carne y Vegetales 15 kg,S/ 117.50,tottus,ALIMENTOS EN CUBITOS,2024-12-04 13:52:02.031614,15.0,kg,117.5,tottus,MIMASKOT,ALIMENTOS EN CUBITOS
Comida para Perros Adultos Sabor Cordero 15 kg,S/ 117.50,tottus,ALIMENTOS EN CUBITOS,2024-12-04 13:52:02.031614,15.0,kg,117.5,tottus,MIMASKOT,ALIMENTOS EN CUBITOS
Alimento para Gatos CAT CHOW Adulto Hogareños en Bolsa de 1kg,S/ 120.60,vivanda,ALIMENTOS EN CUBITOS,2024-12-04 18:10:15.361329,1.0,kg,120.6,vivanda,DOG CHOW,ALIMENTOS EN CUBITOS
Alimento seco para gatos ADULTOS Selección especial de 7.5 kg,S/ 123.90,tottus,ALIMENTOS EN CUBITOS,2024-12-04 13:52:02.031614,7.5,kg,123.9,tottus,FRISKIES,ALIMENTOS EN CUBITOS
Alimento para Perros Medianos y Grandes Purina One Pollo y Cordero 6kg,S/ 131.90,metro,ALIMENTOS EN CUBITOS,2024-12-04 22:08:32.953741,6.0,kg,131.9,metro,,ALIMENTOS EN CUBITOS
Alimento para perro Adulto con carne hígado y cereales de 25 kg,S/ 132.50,tottus,ALIMENTOS EN CUBITOS,2024-12-04 13:52:02.031614,25.0,kg,132.5,tottus,THOR,ALIMENTOS EN CUBITOS
"Thor Alimento para Perros Adultos Carne, Hígado y Cereales Bolsa 25 Kg",S/ 133.50,metro,ALIMENTOS EN CUBITOS,2024-12-04 22:08:32.953741,25.0,kg,133.5,metro,,ALIMENTOS EN CUBITOS
Thor Alimento para Perros Adultos Sabor Clásico Bolsa 25 Kg,S/ 133.50,metro,ALIMENTOS EN CUBITOS,2024-12-04 22:08:32.953741,25.0,kg,133.5,metro,,ALIMENTOS EN CUBITOS
Alimento para Gatos Gatitos en bolsa de 8 kg,S/ 135.50,tottus,ALIMENTOS EN CUBITOS,2024-12-04 13:52:02.031614,8.0,kg,135.5,tottus,CAT CHOW,ALIMENTOS EN CUBITOS
Vainilla 850 g,S/ 137.70,tottus,ALIMENTOS EN CUBITOS,2024-12-04 13:52:02.031614,850.0,g,137.7,tottus,GLUCERNA,ALIMENTOS EN CUBITOS
Alimento para Gatos Adulto Esterilizados en bolsa de 8 kg,S/ 139.40,tottus,ALIMENTOS EN CUBITOS,2024-12-04 13:52:02.031614,8.0,kg,139.4,tottus,CAT CHOW,ALIMENTOS EN CUBITOS
Alimento para Gatos ADULTOS Delimix bolsa 8 kg,S/ 139.40,tottus,ALIMENTOS EN CUBITOS,2024-12-04 13:52:02.031614,8.0,kg,139.4,tottus,CAT CHOW,ALIMENTOS EN CUBITOS
Alimento Seco Mimaskot Adultos Sabor a Carnes 22 Kg,S/ 142.90,metro,ALIMENTOS EN CUBITOS,2024-12-04 22:08:32.953741,22.0,kg,142.9,metro,,ALIMENTOS EN CUBITOS
Two-pack of Advance 850g,S/ 145.90,tottus,ALIMENTOS EN CUBITOS,2024-12-04 13:52:02.031614,850.0,g,145.9,tottus,ENSURE,ALIMENTOS EN CUBITOS
ADVANCE CHOCOLATE DUO PACK 850G+400G,S/ 145.90,tottus,ALIMENTOS EN CUBITOS,2024-12-04 13:52:02.031614,850.0,g,145.9,tottus,ENSURE,ALIMENTOS EN CUBITOS
Alimento Dog Chow para Perros Adultos Tamaño Mediano 15kg,S/ 168.00,metro,ALIMENTOS EN CUBITOS,2024-12-04 22:08:32.953741,15.0,kg,168.0,metro,,ALIMENTOS EN CUBITOS
TRIPLESURE CHOCOLATE X 1.6 KG,S/ 169.90,tottus,ALIMENTOS EN CUBITOS,2024-12-04 13:52:02.031614,1.6,kg,169.9,tottus,PEDIASURE,ALIMENTOS EN CUBITOS
Alimento Seco Dog Chow Cachorro Medianos y Grandes 15Kg,S/ 170.00,metro,ALIMENTOS EN CUBITOS,2024-12-04 22:08:32.953741,15.0,kg,170.0,metro,,ALIMENTOS EN CUBITOS
Alimento Nutricional PEDIASURE Vainilla Lata 1.6Kg,S/ 171.90,vivanda,ALIMENTOS EN CUBITOS,2024-12-04 18:10:15.361329,1.6,kg,171.9,vivanda,PEDIASURE,ALIMENTOS EN CUBITOS
Alimento Nutricional PEDIASURE Chocolate Lata 1.6Kg,S/ 171.90,vivanda,ALIMENTOS EN CUBITOS,2024-12-04 18:10:15.361329,1.6,kg,171.9,vivanda,PEDIASURE,ALIMENTOS EN CUBITOS
Alimento Gato Esterilizado Pollo Salmón 6 Kg,S/ 187.50,tottus,ALIMENTOS EN CUBITOS,2024-12-04 13:52:02.031614,6.0,kg,187.5,tottus,PURINA ONE,ALIMENTOS EN CUBITOS
Alimento Gato Adulto Pollo Salmón 6 Kg,S/ 187.50,tottus,ALIMENTOS EN CUBITOS,2024-12-04 13:52:02.031614,6.0,kg,187.5,tottus,PURINA ONE,ALIMENTOS EN CUBITOS
Alimento Húmero para Gatos FANCY FEAST Casserole Sabor Atún y Salmón en Lata de 85gr,S/ 187.50,vivanda,ALIMENTOS EN CUBITOS,2024-12-04 18:10:15.361329,85.0,g,187.5,vivanda,ONE,ALIMENTOS EN CUBITOS
Alimento lácteo Premium Promental Etapa 3 Natural de 2.2 Kg,S/ 189,tottus,ALIMENTOS EN CUBITOS,2024-12-04 13:52:02.031614,2.2,kg,189.0,tottus,ENFAGROW,ALIMENTOS EN CUBITOS
Alimento lácteo Premium Promental etapa 3 sabor vainilla de 2.2 kg,S/ 189,tottus,ALIMENTOS EN CUBITOS,2024-12-04 13:52:02.031614,2.2,kg,189.0,tottus,ENFAGROW,ALIMENTOS EN CUBITOS
Alimento Purina One Esterilizados One Pollo Y Salmon 6kg,S/ 189.90,metro,ALIMENTOS EN CUBITOS,2024-12-04 22:08:32.953741,6.0,kg,189.9,metro,,ALIMENTOS EN CUBITOS
Alimento Purina One Pollo y Salmon 6kg,S/ 189.90,metro,ALIMENTOS EN CUBITOS,2024-12-04 22:08:32.953741,6.0,kg,189.9,metro,,ALIMENTOS EN CUBITOS
TOTAL COMFORT KID 2.1 KG,S/ 193.60,tottus,ALIMENTOS EN CUBITOS,2024-12-04 13:52:02.031614,2.1,kg,193.6,tottus,SIMILAC,ALIMENTOS EN CUBITOS
Fórmula Infantil 3 HMO Lata 2100 g,S/ 194.50,tottus,ALIMENTOS EN CUBITOS,2024-12-04 13:52:02.031614,2100.0,g,194.5,tottus,SIMILAC,ALIMENTOS EN CUBITOS
FORMULA LCTA PVO CONFORT PREM CAJA X1.1KG,S/ 195,tottus,ALIMENTOS EN CUBITOS,2024-12-04 13:52:02.031614,1.1,kg,195.0,tottus,ENFAMIL,ALIMENTOS EN CUBITOS
Alimento Lácteo Enfagrow Premium Promental Vainilla 2.2kg,S/ 201.40,metro,ALIMENTOS EN CUBITOS,2024-12-04 22:08:32.953741,2.2,kg,201.4,metro,,ALIMENTOS EN CUBITOS
Alimento Lácteo Enfagrow Premium Promental Natural 2.2kg,S/ 201.40,metro,ALIMENTOS EN CUBITOS,2024-12-04 22:08:32.953741,2.2,kg,201.4,metro,,ALIMENTOS EN CUBITOS
Alimento Lácteo ENFAGROW Premium Promental Sabor Natural Caja 2.2Kg,S/ 214.90,vivanda,ALIMENTOS EN CUBITOS,2024-12-04 18:10:15.361329,2.2,kg,214.9,vivanda,ENFAGROW,ALIMENTOS EN CUBITOS
Alimento Lácteo ENFAGROW Premium Promental Sabor a Vainilla Caja 2.2Kg,S/ 214.90,vivanda,ALIMENTOS EN CUBITOS,2024-12-04 18:10:15.361329,2.2,kg,214.9,vivanda,ENFAGROW,ALIMENTOS EN CUBITOS
Alimento Perro Adulto Mediano Grande Carne 12 Kg,S/ 215,tottus,ALIMENTOS EN CUBITOS,2024-12-04 13:52:02.031614,12.0,kg,215.0,tottus,PURINA ONE,ALIMENTOS EN CUBITOS
Alimento Purina One Adulto Mediano Grande Pollo y Carne 12Kg,S/ 226.00,metro,ALIMENTOS EN CUBITOS,2024-12-04 22:08:32.953741,12.0,kg,226.0,metro,,ALIMENTOS EN CUBITOS
